{
	"parent": "simplenergy:wire_pos",
	"textures": {
		"0": "simplenergy:advanced_wire"
	},
	"elements": [
		{
			"from": [4, 4, 0],
			"to": [12, 12, 16],
			"rotation": {"angle": 0, "axis": "y", "origin": [8, 8, 8]},
			"faces": {
				"north": {"uv": [12, 12, 16, 16], "rotation": 270, "texture": "#0"},
				"east": {"uv": [8, 0, 12, 8], "rotation": 90, "texture": "#0"},
				"south": {"uv": [12, 12, 16, 16], "rotation": 180, "texture": "#0"},
				"west": {"uv": [8, 0, 12, 8], "rotation": 90, "texture": "#0"},
				"up": {"uv": [8, 0, 12, 8], "texture": "#0"},
				"down": {"uv": [8, 0, 12, 8], "texture": "#0"}
			}
		}
	]
}