{
  "parent": "item/handheld",
  "textures": {
    "layer0": "item/diamond_hoe"
  },
  "overrides": [
    {
      "predicate": {
        "custom_model_data": 2012108
      },
      "model": "simplenergy:equipments/simplunium_hoe"
    },
    {
      "predicate": {
        "custom_model_data": 2012108
      },
      "model": "simplenergy:equipments/simplunium_hoe"
    },
    {
      "predicate": {
        "custom_model_data": 4220117
      },
      "model": "crazy_adventure:equipments/uranium_hoe"
    },
    {
      "predicate": {
        "custom_model_data": 4220126
      },
      "model": "crazy_adventure:equipments/californium_hoe"
    }
  ]
}