{
  "parent": "item/handheld",
  "textures": {
    "layer0": "item/diamond_shovel"
  },
  "overrides": [
    {
      "predicate": {
        "custom_model_data": 2012109
      },
      "model": "simplenergy:equipments/simplunium_shovel"
    },
    {
      "predicate": {
        "custom_model_data": 2012109
      },
      "model": "simplenergy:equipments/simplunium_shovel"
    },
    {
      "predicate": {
        "custom_model_data": 4220118
      },
      "model": "crazy_adventure:equipments/uranium_shovel"
    },
    {
      "predicate": {
        "custom_model_data": 4220127
      },
      "model": "crazy_adventure:equipments/californium_shovel"
    }
  ]
}