{
  "parent": "item/handheld",
  "textures": {
    "layer0": "item/diamond_sword"
  },
  "overrides": [
    {
      "predicate": {
        "custom_model_data": 2012105
      },
      "model": "simplenergy:equipments/simplunium_sword"
    },
    {
      "predicate": {
        "custom_model_data": 2012105
      },
      "model": "simplenergy:equipments/simplunium_sword"
    },
    {
      "predicate": {
        "custom_model_data": 2013118
      },
      "model": "stardust:equipments/original_stardust_sword"
    },
    {
      "predicate": {
        "custom_model_data": 2013118
      },
      "model": "stardust:equipments/original_stardust_sword"
    },
    {
      "predicate": {
        "custom_model_data": 2013125
      },
      "model": "stardust:equipments/legendarium_sword"
    },
    {
      "predicate": {
        "custom_model_data": 2013125
      },
      "model": "stardust:equipments/legendarium_sword"
    },
    {
      "predicate": {
        "custom_model_data": 2013132
      },
      "model": "stardust:equipments/solarium_sword"
    },
    {
      "predicate": {
        "custom_model_data": 2013132
      },
      "model": "stardust:equipments/solarium_sword"
    },
    {
      "predicate": {
        "custom_model_data": 2013139
      },
      "model": "stardust:equipments/darkium_sword"
    },
    {
      "predicate": {
        "custom_model_data": 2013139
      },
      "model": "stardust:equipments/darkium_sword"
    },
    {
      "predicate": {
        "custom_model_data": 4220114
      },
      "model": "crazy_adventure:equipments/uranium_sword"
    },
    {
      "predicate": {
        "custom_model_data": 4220123
      },
      "model": "crazy_adventure:equipments/californium_sword"
    }
  ]
}