{
  "parent": "item/generated",
  "textures": {
    "layer0": "item/golden_apple"
  },
  "overrides": [
    {
      "predicate": {
        "custom_model_data": 2013172
      },
      "model": "stardust:equipments/stardust_apple"
    },
    {
      "predicate": {
        "custom_model_data": 2013172
      },
      "model": "stardust:equipments/stardust_apple"
    },
    {
      "predicate": {
        "custom_model_data": 2013173
      },
      "model": "stardust:equipments/life_crystal"
    },
    {
      "predicate": {
        "custom_model_data": 2013173
      },
      "model": "stardust:equipments/life_crystal"
    },
    {
      "predicate": {
        "custom_model_data": 4220018
      },
      "model": "crazy_adventure:food/uranium_banana"
    },
    {
      "predicate": {
        "custom_model_data": 4220019
      },
      "model": "crazy_adventure:food/uranium_apple"
    }
  ]
}