{
	"parent": "minecraft:block/cube_all",
	"textures": {
		"down": "simplenergy:blocks/electric_furnace_top",
		"up": "simplenergy:blocks/electric_furnace_top",
		"north": "simplenergy:blocks/electric_furnace_front_off",
		"south": "simplenergy:blocks/electric_furnace_side",
		"west": "simplenergy:blocks/electric_furnace_side",
		"east": "simplenergy:blocks/electric_furnace_side"
	},
	"elements": [{
		"from": [ 0, 0, 0 ],
		"to": [ 16, 16, 16 ],
		"faces": {
			"down":  { "texture": "#down", "cullface": "down" },
			"up":    { "texture": "#up", "cullface": "up" },
			"north": { "texture": "#north", "cullface": "north" },
			"south": { "texture": "#south", "cullface": "south" },
			"west":  { "texture": "#west", "cullface": "west" },
			"east":  { "texture": "#east", "cullface": "east" }
		}
	}],
	"display": {
		"head": {
			"rotation": [ 0, 0, 0 ],
			"translation": [ 0, -30.42, 0 ],
			"scale": [ 1.605, 1.605, 1.605 ]
		},
		"fixed": {
            "rotation": [ -90, 0, 0 ],
            "translation": [ 0, 0, -16 ],
            "scale": [ 2.0075, 2.0075, 2.0075 ]
        }
	}
}